{
  "name": "alike",
  "aucs_by_thresh": {
    "0.5": {
      "5": 4.789321622006402,
      "10": 10.35352896701397,
      "20": 17.277448316667677
    },
    "1.0": {
      "5": 6.261783644182387,
      "10": 12.930542570921943,
      "20": 21.333544495639657
    },
    "1.5": {
      "5": 6.969694804364293,
      "10": 14.3263661313707,
      "20": 23.307401382807882
    },
    "2.0": {
      "5": 7.702793815094535,
      "10": 15.39287080419402,
      "20": 24.67744214407989
    },
    "2.5": {
      "5": 7.770160706081206,
      "10": 15.758705293391392,
      "20": 25.386859217258976
    },
    "3.0": {
      "5": 7.977296463070871,
      "10": 16.296379966407528,
      "20": 26.009294708787838
    },
    "3.5": {
      "5": 8.364795677290262,
      "10": 16.594939151463926,
      "20": 26.2570230511452
    },
    "4.0": {
      "5": 8.369474518616375,
      "10": 16.579721763485882,
      "20": 26.23400155318883
    },
    "4.5": {
      "5": 8.19692005664317,
      "10": 16.458024207247696,
      "20": 26.19219852274305
    },
    "5.0": {
      "5": 8.152957791928005,
      "10": 16.3528932700533,
      "20": 25.935424165682964
    },
    "5.5": {
      "5": 7.980765646287333,
      "10": 16.30942403652544,
      "20": 26.300769960561677
    },
    "6.0": {
      "5": 7.850163229619159,
      "10": 16.22306957687921,
      "20": 26.16946688296986
    }
  },
  "accs_by_thresh": {
    "0.5": {
      "5": 10.933333333333334,
      "10": 19.733333333333334,
      "20": 27.266666666666666
    },
    "1.0": {
      "5": 13.866666666666665,
      "10": 24.066666666666666,
      "20": 33.06666666666666
    },
    "1.5": {
      "5": 14.866666666666667,
      "10": 26.8,
      "20": 35.86666666666667
    },
    "2.0": {
      "5": 16.6,
      "10": 28.46666666666667,
      "20": 37.733333333333334
    },
    "2.5": {
      "5": 17.4,
      "10": 29.2,
      "20": 38.93333333333333
    },
    "3.0": {
      "5": 17.733333333333334,
      "10": 30.533333333333335,
      "20": 39.266666666666666
    },
    "3.5": {
      "5": 18.066666666666666,
      "10": 30.133333333333333,
      "20": 39.6
    },
    "4.0": {
      "5": 18.4,
      "10": 30.266666666666666,
      "20": 39.53333333333333
    },
    "4.5": {
      "5": 18.2,
      "10": 30.4,
      "20": 39.733333333333334
    },
    "5.0": {
      "5": 18.133333333333333,
      "10": 29.666666666666668,
      "20": 39.666666666666664
    },
    "5.5": {
      "5": 17.866666666666667,
      "10": 30.266666666666666,
      "20": 40.33333333333333
    },
    "6.0": {
      "5": 18.133333333333333,
      "10": 30.333333333333336,
      "20": 40.400000000000006
    }
  }
}