{
  "xfeat": {
    "0.5": {
      "5": 10.878432514724823,
      "10": 23.61758978696006,
      "20": 38.53742641069423
    },
    "1.0": {
      "5": 12.462844517095007,
      "10": 25.84068931248601,
      "20": 40.98813686634023
    },
    "1.5": {
      "5": 13.58138792366909,
      "10": 27.420305191381043,
      "20": 42.62530371156806
    },
    "2.0": {
      "5": 14.483732381349345,
      "10": 29.130695762513035,
      "20": 44.06778684456502
    },
    "2.5": {
      "5": 15.047492251697145,
      "10": 30.136551260642992,
      "20": 45.33861646803426
    },
    "3.0": {
      "5": 15.515977978949508,
      "10": 30.866045639107355,
      "20": 46.18914048965676
    },
    "3.5": {
      "5": 15.987513641684375,
      "10": 31.20488315184223,
      "20": 46.43387841989951
    },
    "4.0": {
      "5": 16.301428306801792,
      "10": 31.517116516016845,
      "20": 46.52279918225898
    },
    "4.5": {
      "5": 16.476834756875853,
      "10": 31.735368713847468,
      "20": 46.37933672574582
    },
    "5.0": {
      "5": 16.30699044166582,
      "10": 31.653113148682145,
      "20": 46.56490872988809
    },
    "5.5": {
      "5": 15.88614924222725,
      "10": 30.947440311769743,
      "20": 45.81255632685824
    },
    "6.0": {
      "5": 15.875410271913998,
      "10": 30.559720316537053,
      "20": 45.383426036222296
    }
  },
  "xfeat_star": {
    "0.5": {
      "5": 13.355538938588221,
      "10": 27.571355776502283,
      "20": 42.37565733639911
    },
    "1.0": {
      "5": 14.892297487349229,
      "10": 29.728612197470028,
      "20": 45.18122552053045
    },
    "1.5": {
      "5": 16.394972453518385,
      "10": 31.452211479376523,
      "20": 46.604579019067174
    },
    "2.0": {
      "5": 17.38624571951863,
      "10": 32.94400840098287,
      "20": 48.46040127014337
    },
    "2.5": {
      "5": 17.691229153575954,
      "10": 33.598086011172754,
      "20": 49.034941250847666
    },
    "3.0": {
      "5": 18.380914609814134,
      "10": 34.54925860113042,
      "20": 50.11198588458827
    },
    "3.5": {
      "5": 18.84946319148419,
      "10": 34.835631339730746,
      "20": 50.402191334700476
    },
    "4.0": {
      "5": 18.720023454293607,
      "10": 34.68726139873222,
      "20": 50.2142380795817
    },
    "4.5": {
      "5": 18.50161651880329,
      "10": 34.61727221456582,
      "20": 50.140931488128494
    },
    "5.0": {
      "5": 18.308797229969038,
      "10": 34.56454782077461,
      "20": 50.21428511059853
    },
    "5.5": {
      "5": 18.436664545247265,
      "10": 34.41668612443484,
      "20": 49.88147697603894
    },
    "6.0": {
      "5": 18.184616713657093,
      "10": 34.048635898025545,
      "20": 49.352932978326685
    }
  },
  "alike": {
    "0.5": {
      "5": 4.789321622006402,
      "10": 10.35352896701397,
      "20": 17.277448316667677
    },
    "1.0": {
      "5": 6.261783644182387,
      "10": 12.930542570921943,
      "20": 21.333544495639657
    },
    "1.5": {
      "5": 6.969694804364293,
      "10": 14.3263661313707,
      "20": 23.307401382807882
    },
    "2.0": {
      "5": 7.702793815094535,
      "10": 15.39287080419402,
      "20": 24.67744214407989
    },
    "2.5": {
      "5": 7.770160706081206,
      "10": 15.758705293391392,
      "20": 25.386859217258976
    },
    "3.0": {
      "5": 7.977296463070871,
      "10": 16.296379966407528,
      "20": 26.009294708787838
    },
    "3.5": {
      "5": 8.364795677290262,
      "10": 16.594939151463926,
      "20": 26.2570230511452
    },
    "4.0": {
      "5": 8.369474518616375,
      "10": 16.579721763485882,
      "20": 26.23400155318883
    },
    "4.5": {
      "5": 8.19692005664317,
      "10": 16.458024207247696,
      "20": 26.19219852274305
    },
    "5.0": {
      "5": 8.152957791928005,
      "10": 16.3528932700533,
      "20": 25.935424165682964
    },
    "5.5": {
      "5": 7.980765646287333,
      "10": 16.30942403652544,
      "20": 26.300769960561677
    },
    "6.0": {
      "5": 7.850163229619159,
      "10": 16.22306957687921,
      "20": 26.16946688296986
    }
  }
}