{
  "name": "xfeat_star",
  "aucs_by_thresh": {
    "0.5": {
      "5": 13.355538938588221,
      "10": 27.571355776502283,
      "20": 42.37565733639911
    },
    "1.0": {
      "5": 14.892297487349229,
      "10": 29.728612197470028,
      "20": 45.18122552053045
    },
    "1.5": {
      "5": 16.394972453518385,
      "10": 31.452211479376523,
      "20": 46.604579019067174
    },
    "2.0": {
      "5": 17.38624571951863,
      "10": 32.94400840098287,
      "20": 48.46040127014337
    },
    "2.5": {
      "5": 17.691229153575954,
      "10": 33.598086011172754,
      "20": 49.034941250847666
    },
    "3.0": {
      "5": 18.380914609814134,
      "10": 34.54925860113042,
      "20": 50.11198588458827
    },
    "3.5": {
      "5": 18.84946319148419,
      "10": 34.835631339730746,
      "20": 50.402191334700476
    },
    "4.0": {
      "5": 18.720023454293607,
      "10": 34.68726139873222,
      "20": 50.2142380795817
    },
    "4.5": {
      "5": 18.50161651880329,
      "10": 34.61727221456582,
      "20": 50.140931488128494
    },
    "5.0": {
      "5": 18.308797229969038,
      "10": 34.56454782077461,
      "20": 50.21428511059853
    },
    "5.5": {
      "5": 18.436664545247265,
      "10": 34.41668612443484,
      "20": 49.88147697603894
    },
    "6.0": {
      "5": 18.184616713657093,
      "10": 34.048635898025545,
      "20": 49.352932978326685
    }
  },
  "accs_by_thresh": {
    "0.5": {
      "5": 30.06666666666667,
      "10": 49.8,
      "20": 62.4
    },
    "1.0": {
      "5": 33.4,
      "10": 52.666666666666664,
      "20": 66.26666666666667
    },
    "1.5": {
      "5": 35.93333333333334,
      "10": 54.06666666666666,
      "20": 67.53333333333333
    },
    "2.0": {
      "5": 37.6,
      "10": 56.666666666666664,
      "20": 69.46666666666667
    },
    "2.5": {
      "5": 37.666666666666664,
      "10": 57.666666666666664,
      "20": 70.39999999999999
    },
    "3.0": {
      "5": 38.266666666666666,
      "10": 59.13333333333334,
      "20": 71.06666666666666
    },
    "3.5": {
      "5": 39.4,
      "10": 59.06666666666667,
      "20": 71.46666666666667
    },
    "4.0": {
      "5": 39.266666666666666,
      "10": 59.4,
      "20": 71.13333333333334
    },
    "4.5": {
      "5": 38.93333333333333,
      "10": 58.733333333333334,
      "20": 70.66666666666667
    },
    "5.0": {
      "5": 38.93333333333333,
      "10": 58.93333333333334,
      "20": 70.8
    },
    "5.5": {
      "5": 39.266666666666666,
      "10": 58.46666666666667,
      "20": 70.39999999999999
    },
    "6.0": {
      "5": 38.733333333333334,
      "10": 58.06666666666666,
      "20": 69.86666666666666
    }
  }
}