{
  "name": "xfeat",
  "aucs_by_thresh": {
    "0.5": {
      "5": 10.878432514724823,
      "10": 23.61758978696006,
      "20": 38.53742641069423
    },
    "1.0": {
      "5": 12.462844517095007,
      "10": 25.84068931248601,
      "20": 40.98813686634023
    },
    "1.5": {
      "5": 13.58138792366909,
      "10": 27.420305191381043,
      "20": 42.62530371156806
    },
    "2.0": {
      "5": 14.483732381349345,
      "10": 29.130695762513035,
      "20": 44.06778684456502
    },
    "2.5": {
      "5": 15.047492251697145,
      "10": 30.136551260642992,
      "20": 45.33861646803426
    },
    "3.0": {
      "5": 15.515977978949508,
      "10": 30.866045639107355,
      "20": 46.18914048965676
    },
    "3.5": {
      "5": 15.987513641684375,
      "10": 31.20488315184223,
      "20": 46.43387841989951
    },
    "4.0": {
      "5": 16.301428306801792,
      "10": 31.517116516016845,
      "20": 46.52279918225898
    },
    "4.5": {
      "5": 16.476834756875853,
      "10": 31.735368713847468,
      "20": 46.37933672574582
    },
    "5.0": {
      "5": 16.30699044166582,
      "10": 31.653113148682145,
      "20": 46.56490872988809
    },
    "5.5": {
      "5": 15.88614924222725,
      "10": 30.947440311769743,
      "20": 45.81255632685824
    },
    "6.0": {
      "5": 15.875410271913998,
      "10": 30.559720316537053,
      "20": 45.383426036222296
    }
  },
  "accs_by_thresh": {
    "0.5": {
      "5": 26.266666666666666,
      "10": 43.93333333333334,
      "20": 59.13333333333334
    },
    "1.0": {
      "5": 28.333333333333332,
      "10": 47.06666666666667,
      "20": 62.53333333333333
    },
    "1.5": {
      "5": 30.933333333333334,
      "10": 49.666666666666664,
      "20": 63.6
    },
    "2.0": {
      "5": 33.4,
      "10": 51.26666666666667,
      "20": 64.13333333333333
    },
    "2.5": {
      "5": 34.0,
      "10": 53.333333333333336,
      "20": 65.46666666666667
    },
    "3.0": {
      "5": 35.4,
      "10": 54.2,
      "20": 66.26666666666667
    },
    "3.5": {
      "5": 35.66666666666667,
      "10": 54.46666666666666,
      "20": 66.13333333333333
    },
    "4.0": {
      "5": 36.13333333333333,
      "10": 54.266666666666666,
      "20": 66.13333333333333
    },
    "4.5": {
      "5": 36.6,
      "10": 54.13333333333333,
      "20": 66.0
    },
    "5.0": {
      "5": 36.13333333333333,
      "10": 54.400000000000006,
      "20": 66.60000000000001
    },
    "5.5": {
      "5": 34.93333333333333,
      "10": 53.733333333333334,
      "20": 65.93333333333334
    },
    "6.0": {
      "5": 34.53333333333333,
      "10": 53.333333333333336,
      "20": 65.46666666666667
    }
  }
}